Image path, อายุ (ปี), เพศ
static/7F (2).jpg,7 ปี 8 เดือน,เพศหญิง
static/7F (3).jpg,7 ปี 8 เดือน,เพศหญิง
static/7M (6).jpg,7 ปี 9 เดือน,เพศชาย
static/7M (7).jpg,7 ปี 8 เดือน,เพศชาย
static/8F (3).jpg,8 ปี 3 เดือน,เพศหญิง
static/8F (4).jpg,8 ปี 1 เดือน,เพศหญิง
static/8M (5).jpg,7 ปี 9 เดือน,เพศชาย
static/8M (8).jpg,7 ปี 9 เดือน,เพศชาย
static/9F (1).jpg,9 ปี 1 เดือน,เพศหญิง
static/9F (7).jpg,8 ปี 8 เดือน,เพศหญิง
static/9F (8).jpg,9 ปี 3 เดือน,เพศหญิง
static/9F (13).jpg,9 ปี 0 เดือน,เพศหญิง
static/9M (11).jpg,8 ปี 7 เดือน,เพศชาย
static/10F (3).jpg,9 ปี 11 เดือน,เพศหญิง
static/10F (4).jpg,9 ปี 11 เดือน,เพศหญิง
static/10M (3).jpg,10 ปี 0 เดือน,เพศชาย
static/10M (4).jpg,10 ปี 5 เดือน,เพศชาย
static/10M (5).jpg,10 ปี 1 เดือน,เพศชาย
static/11F (5).jpg,11 ปี 1 เดือน,เพศหญิง
static/11F (6).jpg,10 ปี 9 เดือน,เพศหญิง
static/11F (9).jpg,10 ปี 11 เดือน,เพศหญิง
static/11F (12).jpg,10 ปี 9 เดือน,เพศชาย
static/11M (2).jpg,11 ปี 3 เดือน,เพศชาย
static/11M (4).jpg,10 ปี 11 เดือน,เพศชาย
static/11M (14).jpg,11 ปี 2 เดือน,เพศชาย
static/12F (5).jpg,12 ปี 0 เดือน,เพศหญิง
static/12F (8).jpg,11 ปี 7 เดือน,เพศหญิง
static/12F (11).jpg,11 ปี 10 เดือน,เพศหญิง
static/12M (10).jpg,11 ปี 9 เดือน,เพศชาย
static/12M (12).jpg,12 ปี 0 เดือน,เพศชาย
static/13F (2).jpg,13 ปี 3 เดือน,เพศหญิง
static/13F (6).jpg,12 ปี 9 เดือน,เพศหญิง
static/13F (7).jpg,13 ปี 6 เดือน,เพศหญิง
static/13F (12).jpg,12 ปี 9 เดือน,เพศหญิง
static/13M (2).jpg,12 ปี 9 เดือน,เพศชาย
static/13M (9).jpg,13 ปี 5 เดือน,เพศชาย
static/13M (11).jpg,13 ปี 4 เดือน,เพศชาย
static/13M (13).jpg,12 ปี 11 เดือน,เพศชาย
static/14F (12).jpg,13 ปี 6 เดือน,เพศหญิง
static/15F (7).jpg,14 ปี 6 เดือน,เพศหญิง
static/15F (12).jpg,14 ปี 6 เดือน,เพศหญิง
static/15F (13).jpg,15 ปี 3 เดือน,เพศหญิง
static/16F (1).jpg,15 ปี 11 เดือน,เพศหญิง
static/16F (9).jpg,15 ปี 9 เดือน,เพศหญิง
static/16F (14).jpg,15 ปี 7 เดือน,เพศหญิง
static/16M (11).jpg,16 ปี 11 เดือน,เพศชาย
static/16M (12).jpg,15 ปี 11 เดือน,เพศชาย
static/17F (4).jpg,17 ปี 5 เดือน,เพศหญิง
static/17F (5).jpg,17 ปี 0 เดือน,เพศหญิง
static/17M (7).jpg,17 ปี 4 เดือน,เพศชาย
static/17M (10).jpg,16 ปี 7 เดือน,เพศชาย
static/18F (2).jpg,18 ปี 3 เดือน,เพศหญิง
static/18F (4).jpg,17 ปี 1 เดือน,เพศหญิง
static/18F (6).jpg,17 ปี 9 เดือน,เพศหญิง
static/18M (1).jpg,18 ปี 9 เดือน,เพศชาย
static/18M (4).jpg,18 ปี 7 เดือน,เพศชาย
static/18M (7).jpg,17 ปี 10 เดือน,เพศชาย
static/19F (2).jpg,19 ปี 0 เดือน,เพศหญิง
static/19F (5).jpg,19 ปี 1 เดือน,เพศหญิง
static/-19F (12).jpg,19 ปี 5 เดือน,เพศหญิง
static/20F (4).jpg,19 ปี 8 เดือน,เพศหญิง
static/20F (10).jpg,20 ปี 0 เดือน,เพศชาย
static/20F (15).jpg,19 ปี 9 เดือน,เพศหญิง
static/20M (3).jpg,20 ปี 0 เดือน,เพศชาย
static/20M (5).jpg,19 ปี 9 เดือน,เพศชาย
static/20M (7).jpg,20 ปี 5 เดือน,เพศชาย
static/20M (10).jpg,19 ปี 6 เดือน,เพศชาย
static/21F (3).jpg,21 ปี 0 เดือน,เพศหญิง
static/21M (14).jpg,20 ปี 5 เดือน,เพศชาย
static/22F (8).jpg,22 ปี 7 เดือน,เพศหญิง
static/22F (9).jpg,22 ปี 0 เดือน,เพศหญิง
static/22F (11).jpg,21 ปี 6 เดือน,เพศหญิง
static/22M (8).jpg,21 ปี 8 เดือน,เพศชาย
static/22M (12).jpg,22 ปี 2 เดือน,เพศชาย
static/22M (13).jpg,21 ปี 10 เดือน,เพศชาย
static/23F (13).jpg,23 ปี 3 เดือน,เพศหญิง
static/23F (15).jpg,23 ปี 3 เดือน,เพศหญิง
static/23F (17).jpg,23 ปี 3 เดือน,เพศหญิง
static/23M (1).jpg,23 ปี 3 เดือน,เพศชาย
static/23M (4).jpg,22 ปี 5 เดือน,เพศหญิง
static/23M (7).jpg,23 ปี 3 เดือน,เพศชาย
static/23M (11).jpg,23 ปี 3 เดือน,เพศชาย
static/23M (14).jpg,23 ปี 3 เดือน,เพศชาย
static/23M (20).jpg,23 ปี 3 เดือน,เพศชาย
static/23M (21).jpg,23 ปี 1 เดือน,เพศชาย
static/23M (23).jpg,23 ปี 2 เดือน,เพศชาย
static/24F (5).jpg,23 ปี 3 เดือน,เพศหญิง
static/24M (17).jpg,22 ปี 5 เดือน,เพศชาย
static/25F (13).jpg,16 ปี 7 เดือน,เพศหญิง
static/25M (8).jpg,20 ปี 4 เดือน,เพศหญิง
